-- phpMyAdmin SQL Dump
-- version 5.2.1
-- https://www.phpmyadmin.net/
--
-- Host: 127.0.0.1
-- Generation Time: May 29, 2023 at 05:50 PM
-- Server version: 10.4.28-MariaDB
-- PHP Version: 8.2.4

SET SQL_MODE = "NO_AUTO_VALUE_ON_ZERO";
START TRANSACTION;
SET time_zone = "+00:00";


/*!40101 SET @OLD_CHARACTER_SET_CLIENT=@@CHARACTER_SET_CLIENT */;
/*!40101 SET @OLD_CHARACTER_SET_RESULTS=@@CHARACTER_SET_RESULTS */;
/*!40101 SET @OLD_COLLATION_CONNECTION=@@COLLATION_CONNECTION */;
/*!40101 SET NAMES utf8mb4 */;

--
-- Database: `shop_db`
--

-- --------------------------------------------------------

--
-- Table structure for table `cart`
--

CREATE TABLE `cart` (
  `id` int(100) NOT NULL,
  `user_id` int(100) NOT NULL,
  `pid` int(100) NOT NULL,
  `name` varchar(100) NOT NULL,
  `price` int(100) NOT NULL,
  `quantity` int(100) NOT NULL,
  `image` varchar(100) NOT NULL
) ENGINE=InnoDB DEFAULT CHARSET=utf8mb4 COLLATE=utf8mb4_general_ci;

--
-- Dumping data for table `cart`
--

INSERT INTO `cart` (`id`, `user_id`, `pid`, `name`, `price`, `quantity`, `image`) VALUES
(129, 14, 16, 'lavendor rose', 13, 1, 'lavendor rose.jpg'),
(130, 14, 18, 'red tulipa', 11, 1, 'red tulipa.jpg'),
(131, 14, 15, 'cottage rose', 15, 1, 'cottage rose.jpg'),
(132, 15, 13, 'pink rose', 10, 1, 'pink roses.jpg'),
(133, 15, 15, 'cottage rose', 15, 1, 'cottage rose.jpg'),
(134, 15, 16, 'lavendor rose', 13, 3, 'lavendor rose.jpg'),
(139, 16, 2, '2in1 Heart Rose', 1300, 1, 'product2.jpg'),
(140, 16, 3, 'Orchid Bouquet 1', 2000, 1, 'product3.jpg');

-- --------------------------------------------------------

--
-- Table structure for table `message`
--

CREATE TABLE `message` (
  `id` int(100) NOT NULL,
  `user_id` int(100) NOT NULL,
  `name` varchar(100) NOT NULL,
  `email` varchar(100) NOT NULL,
  `number` varchar(12) NOT NULL,
  `message` varchar(500) NOT NULL
) ENGINE=InnoDB DEFAULT CHARSET=utf8mb4 COLLATE=utf8mb4_general_ci;

--
-- Dumping data for table `message`
--

INSERT INTO `message` (`id`, `user_id`, `name`, `email`, `number`, `message`) VALUES
(13, 14, 'shaikh anas', 'shaikh@gmail.com', '0987654321', 'hi, how are you?');

-- --------------------------------------------------------

--
-- Table structure for table `orders`
--

CREATE TABLE `orders` (
  `id` int(100) NOT NULL,
  `user_id` int(100) NOT NULL,
  `name` varchar(100) NOT NULL,
  `number` varchar(12) NOT NULL,
  `email` varchar(100) NOT NULL,
  `method` varchar(50) NOT NULL,
  `address` varchar(500) NOT NULL,
  `total_products` varchar(1000) NOT NULL,
  `total_price` int(100) NOT NULL,
  `placed_on` varchar(50) NOT NULL,
  `payment_status` varchar(20) NOT NULL DEFAULT 'pending'
) ENGINE=InnoDB DEFAULT CHARSET=utf8mb4 COLLATE=utf8mb4_general_ci;

--
-- Dumping data for table `orders`
--

INSERT INTO `orders` (`id`, `user_id`, `name`, `number`, `email`, `method`, `address`, `total_products`, `total_price`, `placed_on`, `payment_status`) VALUES
(17, 14, 'shaikh anas', '0987654321', 'shaikh@gmail.com', 'credit card', 'flat no. 321, jogeshwari, mumbai, india - 654321', ', cottage rose (3) , pink bouquet (1) , yellow queen rose (1) ', 80, '11-Mar-2022', 'pending'),
(18, 14, 'shaikh anas', '1234567899', 'shaikh@gmail.com', 'paypal', 'flat no. 321, jogeshwari, mumbai, india - 654321', ', yellow queen rose (1) , pink rose (2) ', 40, '11-Mar-2022', 'completed'),
(19, 16, 'Vyshnavi Adari Adari', '885103594', 'vyshnaviadari554@gmail.com', 'paytm', 'flat no. 57-1-10/2 , beside Andhra bank, Kancharapalem, Visakhapatnam, India - 530008', ', red tulipa (1) ', 11, '14-May-2023', 'pending'),
(20, 16, 'Vyshnavi Adari Adari', '841589562', 'vyshnaviadari554@gmail.com', 'cash on delivery', 'flat no. 57-1-10/2 , beside Andhra bank, Kancharapalem, Visakhapatnam, India - 530008', ', pink rose (1) ', 12, '14-May-2023', 'pending'),
(21, 16, 'Vyshnavi Adari Adari', '9885103594', 'vyshnaviadari554@gmail.com', 'cash on delivery', 'flat no. 57-1-10/2 , beside Andhra bank, Kancharapalem, Visakhapatnam, India - 530008', ', 2in1 Heart Rose (1) ', 1300, '15-May-2023', 'pending');

-- --------------------------------------------------------

--
-- Table structure for table `products`
--

CREATE TABLE `products` (
  `id` int(100) NOT NULL,
  `name` varchar(100) NOT NULL,
  `details` varchar(500) NOT NULL,
  `price` int(100) NOT NULL,
  `image` varchar(100) NOT NULL
) ENGINE=InnoDB DEFAULT CHARSET=utf8mb4 COLLATE=utf8mb4_general_ci;

--
-- Dumping data for table `products`
--

INSERT INTO `products` (`id`, `name`, `details`, `price`, `image`) VALUES
(1, 'Heart Rose Box', 'This is a Heart Rose Box', 2500, 'product1.jpg'),
(2, '2in1 Heart Rose', 'This is 2in1 Heart Rose Bouquet', 1300, 'product2.jpg'),
(3, 'Orchid Bouquet 1', 'This is Orchid Bouquet 1 ', 2000, 'product3.jpg'),
(4, 'Chocolate Heart ', 'This is Chocolate Heart  Bouquet', 1300, 'product4.jpg'),
(5, 'Birthday Gift', 'This is Birthday Gift Bouquet', 2000, 'product5.jpg');

-- --------------------------------------------------------

--
-- Table structure for table `users`
--

CREATE TABLE `users` (
  `id` int(100) NOT NULL,
  `name` varchar(100) NOT NULL,
  `email` varchar(100) NOT NULL,
  `password` varchar(100) NOT NULL,
  `user_type` varchar(20) NOT NULL DEFAULT 'user'
) ENGINE=InnoDB DEFAULT CHARSET=utf8mb4 COLLATE=utf8mb4_general_ci;

--
-- Dumping data for table `users`
--

INSERT INTO `users` (`id`, `name`, `email`, `password`, `user_type`) VALUES
(10, 'admin A', 'admin01@gmail.com', '698d51a19d8a121ce581499d7b701668', 'admin'),
(14, 'user A', 'user01@gmail.com', '698d51a19d8a121ce581499d7b701668', 'user'),
(15, 'user B', 'user02@gmail.com', '698d51a19d8a121ce581499d7b701668', 'user'),
(16, 'vyshnavi', 'vyshnaviadari554@gmail.com', '38b575f56efde2bf0c5460c5dbb6a6cb', 'user'),
(17, 'snigdha', 'snigdhachowdaryb@gmail.com', '25d55ad283aa400af464c76d713c07ad', 'user'),
(18, 'admin', 'admin@gmail.com', 'admin', 'admin');

-- --------------------------------------------------------

--
-- Table structure for table `wishlist`
--

CREATE TABLE `wishlist` (
  `id` int(100) NOT NULL,
  `user_id` int(100) NOT NULL,
  `pid` int(100) NOT NULL,
  `name` varchar(100) NOT NULL,
  `price` int(100) NOT NULL,
  `image` varchar(100) NOT NULL
) ENGINE=InnoDB DEFAULT CHARSET=utf8mb4 COLLATE=utf8mb4_general_ci;

--
-- Dumping data for table `wishlist`
--

INSERT INTO `wishlist` (`id`, `user_id`, `pid`, `name`, `price`, `image`) VALUES
(60, 14, 19, 'pink bouquet', 15, 'pink bouquet.jpg');

--
-- Indexes for dumped tables
--

--
-- Indexes for table `cart`
--
ALTER TABLE `cart`
  ADD PRIMARY KEY (`id`);

--
-- Indexes for table `message`
--
ALTER TABLE `message`
  ADD PRIMARY KEY (`id`);

--
-- Indexes for table `orders`
--
ALTER TABLE `orders`
  ADD PRIMARY KEY (`id`);

--
-- Indexes for table `products`
--
ALTER TABLE `products`
  ADD PRIMARY KEY (`id`);

--
-- Indexes for table `users`
--
ALTER TABLE `users`
  ADD PRIMARY KEY (`id`);

--
-- Indexes for table `wishlist`
--
ALTER TABLE `wishlist`
  ADD PRIMARY KEY (`id`);

--
-- AUTO_INCREMENT for dumped tables
--

--
-- AUTO_INCREMENT for table `cart`
--
ALTER TABLE `cart`
  MODIFY `id` int(100) NOT NULL AUTO_INCREMENT, AUTO_INCREMENT=141;

--
-- AUTO_INCREMENT for table `message`
--
ALTER TABLE `message`
  MODIFY `id` int(100) NOT NULL AUTO_INCREMENT, AUTO_INCREMENT=14;

--
-- AUTO_INCREMENT for table `orders`
--
ALTER TABLE `orders`
  MODIFY `id` int(100) NOT NULL AUTO_INCREMENT, AUTO_INCREMENT=22;

--
-- AUTO_INCREMENT for table `products`
--
ALTER TABLE `products`
  MODIFY `id` int(100) NOT NULL AUTO_INCREMENT, AUTO_INCREMENT=21;

--
-- AUTO_INCREMENT for table `users`
--
ALTER TABLE `users`
  MODIFY `id` int(100) NOT NULL AUTO_INCREMENT, AUTO_INCREMENT=19;

--
-- AUTO_INCREMENT for table `wishlist`
--
ALTER TABLE `wishlist`
  MODIFY `id` int(100) NOT NULL AUTO_INCREMENT, AUTO_INCREMENT=62;
COMMIT;

/*!40101 SET CHARACTER_SET_CLIENT=@OLD_CHARACTER_SET_CLIENT */;
/*!40101 SET CHARACTER_SET_RESULTS=@OLD_CHARACTER_SET_RESULTS */;
/*!40101 SET COLLATION_CONNECTION=@OLD_COLLATION_CONNECTION */;
